ICD_Code,Description
0,None
1,Cholera
2,Typhoid and paratyphoid fevers
3,Other Salmonella infections
4,Shigellosis
5,Other food poisoning (bacterial)
6,Amoebiasis
7,Other protozoal intestinal diseases
8,Intestinal infections due to other organisms
9,Ill-defined intestinal infections
10,Primary tuberculous infection
11,Pulmonary tuberculosis
12,Other respiratory tuberculosis
13,Tuberculosis of meninges and central nervous system
14,"Tuberculosis of intestines, peritoneum and mesenteric glands"
15,Tuberculosis of bones and joints
16,Tuberculosis of genito-urinary system
17,Tuberculosis of other organs
18,Miliary tuberculosis
20,Plague
21,Tularaemia
22,Anthrax
23,Brucellosis
24,Glanders
25,Melioidosis
26,Rat-bite fever
27,Other zoonotic bacterial diseases
30,Leprosy
31,Diseases due to other mycobacteria
32,Diphtheria
33,Whooping cough
34,Streptococcal sore throat and scarlatina
35,Erysipelas
36,Meningococcal infection
37,Tetanus
38,Septicaemia
39,Actinomycotic infections
40,Other bacterial diseases
41,Bacterial infection in conditions classified elsewhere and of unspecified site
42,Human immunodeficiency virus [HIV] disease
45,Acute poliomyelitis
46,Slow virus infection of central nervous system
47,Meningitis due to enterovirus
48,Other enterovirus diseases of central nervous system
49,Other non-arthropod-borne viral diseases of central nervous system
50,Smallpox
51,Cowpox and paravaccinia
52,Chickenpox
53,Herpes zoster
54,Herpes simplex
55,Measles
56,Rubella
57,Other viral exanthemata
60,Yellow fever
61,Dengue
62,Mosquito-borne viral encephalitis
63,Tick-borne viral encephalitis
64,Viral encephalitis transmitted by other and unspecified arthropods
65,Arthropod-borne haemorrhagic fever
66,Other arthropod-borne viral diseases
70,Viral hepatitis
71,Rabies
72,Mumps
73,Ornithosis
74,Specific diseases due to Coxsackie virus
75,Infectious mononucleosis
76,Trachoma
77,Other diseases of conjunctiva due to viruses and Chlamydiae
78,Other diseases due to viruses and Chlamydiae
79,Viral and chlamydial infection in conditions classified elsewhere and of unspecified site
80,Louse-borne [epidemic] typhus
81,Other typhus
82,Tick-borne rickettsioses
83,Other rickettsioses
84,Malaria
85,Leishmaniasis
86,Trypanosomiasis
87,Relapsing fever
88,Other arthropod-borne diseases
90,Congenital syphilis
91,"Early syphilis, symptomatic"
92,"Early syphilis, latent"
93,Cardiovascular syphilis
94,Neurosyphilis
95,"Other forms of late syphilis, with symptoms"
96,"Late syphilis, latent"
97,Other and unspecified syphilis
98,Gonococcal infections
99,Other venereal diseases
100,Leptospirosis
101,Vincent's angina
102,Yaws
103,Pinta
104,Other spirochaetal infection
110,Dermatophytosis
111,"Dermatomycosis, other and unspecified"
112,Candidiasis
113,Actinomycosis
114,Coccidioidomycosis
115,Histoplasmosis
116,Blastomycotic infection
117,Other mycoses
118,Opportunistic mycoses
120,Schistosomiasis [bilharziasis]
121,Other trematode infections
122,Echinococcosis
123,Other cestode infection
124,Trichinosis
125,Filarial infection and dracontiasis
126,Ankylostomiasis and necatoriasis
127,Other intestinal helminthiases
128,Other and unspecified helminthiases
129,"Intestinal parasitism, unspecified"
130,Toxoplasmosis
131,Trichomoniasis
132,Pediculosis and phthirus infestation
133,Acariasis
134,Other infestation
135,Sarcoidosis
136,Other and unspecified infectious and parasitic diseases
137,Late effects of tuberculosis
138,Late effects of acute poliomyelitis
139,Late effects of other infectious and parasitic diseases
140,Malignant neoplasm of lip
141,Malignant neoplasm of tongue
142,Malignant neoplasm of major salivary glands
143,Malignant neoplasm of gum
144,Malignant neoplasm of floor of mouth
145,Malignant neoplasm of other and unspecified parts of mouth
146,Malignant neoplasm of oropharynx
147,Malignant neoplasm of nasopharynx
148,Malignant neoplasm of hypopharynx
149,"Malignant neoplasm of other and ill-defined sites within the lip, oral cavity and pharynx"
150,Malignant neoplasm of oesophagus
151,Malignant neoplasm of stomach
152,"Malignant neoplasm of small intestine, including duodenum"
153,Malignant neoplasm of colon
154,"Malignant neoplasm of rectum, rectosigmoid junction and anus"
155,Malignant neoplasm of liver and intrahepatic bile ducts
156,Malignant neoplasm of gallbladder and extrahepatic bile ducts
157,Malignant neoplasm of pancreas
158,Malignant neoplasm of retroperitoneum and peritoneum
159,Malignant neoplasm of other and ill-defined sites within the digestive organs and peritoneum
160,"Malignant neoplasm of nasal cavities, middle ear and accessory sinuses"
161,Malignant neoplasm of larynx
162,"Malignant neoplasm of trachea, bronchus and lung"
163,Malignant neoplasm of pleura
164,"Malignant neoplasm of thymus, heart and mediastinum"
165,Malignant neoplasm of other and ill-defined sites within the respiratory system and intrathoracic organs
170,Malignant neoplasm of bone and articular cartilage
171,Malignant neoplasm of connective and other soft tissue
172,Malignant melanoma of skin
173,Other malignant neoplasm of skin
174,Malignant neoplasm of female breast
175,Malignant neoplasm of male breast
176,Kaposi's sarcoma
179,"Malignant neoplasm of uterus, part unspecified"
180,Malignant neoplasm of cervix uteri
181,Malignant neoplasm of placenta
182,Malignant neoplasm of body of uterus
183,Malignant neoplasm of ovary and other uterine adnexa
184,Malignant neoplasm of other and unspecified female genital organs
185,Malignant neoplasm of prostate
186,Malignant neoplasm of testis
187,Malignant neoplasm of penis and other male genital organs
188,Malignant neoplasm of bladder
189,Malignant neoplasm of kidney and other and unspecified urinary organs
190,Malignant neoplasm of eye
191,Malignant neoplasm of brain
192,Malignant neoplasm of other and unspecified parts of nervous system
193,Malignant neoplasm of thyroid gland
194,Malignant neoplasm of other endocrine glands and related structures
195,Malignant neoplasm of other and ill-defined sites
196,Secondary and unspecified malignant neoplasm of lymph nodes
197,Secondary malignant neoplasm of respiratory and digestive systems
198,Secondary malignant neoplasm of other specified sites
199,Malignant neoplasm without specification of site
200,Lymphosarcoma and reticulosarcoma
201,Hodgkin's disease
202,Other malignant neoplasm of lymphoid and histiocytic tissue
203,Multiple myeloma and immunoproliferative neoplasms
204,Lymphoid leukaemia
205,Myeloid leukaemia
206,Monocytic leukaemia
207,Other specified leukaemia
208,Leukaemia of unspecified cell type
210,"Benign neoplasm of lip, oral cavity and pharynx"
211,Benign neoplasm of other parts of digestive system
212,Benign neoplasm of respiratory and intrathoracic organs
213,Benign neoplasm of bone and articular cartilage
214,Lipoma
215,Other benign neoplasm of connective and other soft tissue
216,Benign neoplasm of skin
217,Benign neoplasm of breast
218,Uterine leiomyoma
219,Other benign neoplasm of uterus
220,Benign neoplasm of ovary
221,Benign neoplasm of other female genital organs
222,Benign neoplasm of male genital organs
223,Benign neoplasm of kidney and other urinary organs
224,Benign neoplasm of eye
225,Benign neoplasm of brain and other parts of nervous system
226,Benign neoplasm of thyroid gland
227,Benign neoplasm of other endocrine glands and related structures
228,"Haemangioma and lymphangioma, any site"
229,Benign neoplasm of other and unspecified sites
230,Carcinoma in situ of digestive organs
231,Carcinoma in situ of respiratory system
232,Carcinoma in situ of skin
233,Carcinoma in situ of breast and genito-urinary system
234,Carcinoma in situ of other and unspecified sites
235,Neoplasm of uncertain behaviour of digestive and respiratory systems
236,Neoplasm of uncertain behaviour of genito-urinary organs
237,Neoplasm of uncertain behaviour of endocrine glands and nervous system
238,Neoplasm of uncertain behaviour of other and unspecified sites and tissues
239,Neoplasm of unspecified nature
240,Simple and unspecified goitre
241,Non-toxic nodular goitre
242,Thyrotoxicosis with or without goitre
243,Congenital hypothyroidism
244,Acquired hypothyroidism
245,Thyroiditis
246,Other disorders of thyroid
250,Diabetes mellitus
250.01,"Diabetes mellitus without mention of complication, type I [juvenile type], not stated as uncontrolled"
250.02,"Diabetes mellitus without mention of complication, type II or unspecified type, uncontrolled"
250.03,"Diabetes mellitus without mention of complication, type I [juvenile type], uncontrolled"
250.1,"Diabetes with ketoacidosis, type II or unspecified type, not stated as uncontrolled"
250.11,"Diabetes with ketoacidosis, type I [juvenile type], not stated as uncontrolled "
250.12,"Diabetes with ketoacidosis, type II or unspecified type, uncontrolled"
250.13,"Diabetes with ketoacidosis, type I [juvenile type], uncontrolled"
250.2,"Diabetes with hyperosmolarity, type II or unspecified type, not stated as uncontrolled "
250.21,"Diabetes with hyperosmolarity, type I [juvenile type], not stated as uncontrolled"
250.22,"Diabetes with hyperosmolarity, type II or unspecified type, uncontrolled"
250.23,"Diabetes with hyperosmolarity, type I [juvenile type], uncontrolled "
250.3,"Diabetes with other coma, type II or unspecified type, not stated as uncontrolled"
250.31,"Diabetes with other coma, type I [juvenile type], not stated as uncontrolled"
250.32,"Diabetes with other coma, type II or unspecified type, uncontrolled"
250.33,"Diabetes with other coma, type I [juvenile type], uncontrolled"
250.4,"Diabetes with renal manifestations, type II or unspecified type, not stated as uncontrolled"
250.41,"Diabetes with renal manifestations, type I [juvenile type], not stated as uncontrolled"
250.42,"Diabetes with renal manifestations, type II or unspecified type, uncontrolled"
250.43,"Diabetes with renal manifestations, type I [juvenile type], uncontrolled"
250.5,"Diabetes with ophthalmic manifestations, type II or unspecified type, not stated as uncontrolled"
250.51,"Diabetes with ophthalmic manifestations, type I [juvenile type], not stated as uncontrolled"
250.52,"Diabetes with ophthalmic manifestations, type II or unspecified type, uncontrolled"
250.53,"Diabetes with ophthalmic manifestations, type I [juvenile type], uncontrolled"
250.6,"Diabetes with neurological manifestations, type II or unspecified type, not stated as uncontrolled"
250.61,"Diabetes with neurological manifestations, type I [juvenile type], not stated as uncontrolled"
250.62,"Diabetes with neurological manifestations, type II or unspecified type, uncontrolled"
250.63,"Diabetes with neurological manifestations, type I [juvenile type], uncontrolled"
250.7,"Diabetes with peripheral circulatory disorders, type II or unspecified type, not stated as uncontrolled"
250.71,"Diabetes with peripheral circulatory disorders, type I [juvenile type], not stated as uncontrolled"
250.72,"Diabetes with peripheral circulatory disorders, type II or unspecified type, uncontrolled"
250.73,"Diabetes with peripheral circulatory disorders, type I [juvenile type], uncontrolled "
250.8,"Diabetes with other specified manifestations, type II or unspecified type, not stated as uncontrolled"
250.81,"Diabetes with other specified manifestations, type I [juvenile type], not stated as uncontrolled"
250.82,"Diabetes with other specified manifestations, type II or unspecified type, uncontrolled"
250.83,"Diabetes with other specified manifestations, type I [juvenile type], uncontrolled"
250.9,"Diabetes with unspecified complication, type II or unspecified type, not stated as uncontrolled"
250.91,"Diabetes with unspecified complication, type I [juvenile type], not stated as uncontrolled"
250.92,"Diabetes with unspecified complication, type II or unspecified type, uncontrolled "
250.93,"Diabetes with unspecified complication, type I [juvenile type], uncontrolled"
251,Other disorders of pancreatic internal secretion
252,Disorders of parathyroid gland
253,Disorders of the pituitary gland and its hypothalamic control
254,Diseases of thymus gland
255,Disorders of adrenal glands
256,Ovarian dysfunction
257,Testicular dysfunction
258,Polyglandular dysfunction and related disorders
259,Other endocrine disorders
260,Kwashiorkor
261,Nutritional marasmus
262,Other severe protein-calorie malnutrition
263,Other and unspecified protein-calorie malnutrition
264,Vitamin A deficiency
265,Thiamine and niacin deficiency states
266,Deficiency of B-complex components
267,Ascorbic acid deficiency
268,Vitamin D deficiency
269,Other nutritional deficiencies
270,Disorders of amino-acid transport and metabolism
271,Disorders of carbohydrate transport and metabolism
272,Disorders of lipoid metabolism
273,Disorders of plasma protein metabolism
274,Gout
275,Disorders of mineral metabolism
276,"Disorders of fluid, electrolyte and acid-base balance"
277,Other and unspecified disorders of metabolism
278,Obesity and other hyperalimentation
279,Disorders involving the immune mechanism
280,Iron deficiency anaemias
281,Other deficiency anaemias
282,Hereditary haemolytic anaemias
283,Acquired haemolytic anaemias
284,Aplastic anaemia
285,Other and unspecified anaemias
286,Coagulation defects
287,Purpura and other haemorrhagic conditions
288,Diseases of white blood cells
289,Other diseases of blood and blood-forming organs
290,Senile and presenile organic psychotic conditions
291,Alcoholic psychoses
292,Drug psychoses
293,Transient organic psychotic conditions
294,Other organic psychotic conditions (chronic)
295,Schizophrenic psychoses
296,Affective psychoses
297,Paranoid states
298,Other nonorganic psychoses
299,Psychoses with origin specific to childhood
300,Neurotic disorders
301,Personality disorders
302,Sexual deviations and disorders
303,Alcohol dependence syndrome
304,Drug dependence
305,Nondependent abuse of drugs
306,Physiological malfunction arising from mental factors
307,Special symptoms or syndromes not elsewhere classified
308,Acute reaction to stress
309,Adjustment reaction
310,Specific nonpsychotic mental disorders following organic brain damage
311,"Depressive disorder, not elsewhere classified"
312,Disturbance of conduct not elsewhere classified
313,Disturbance of emotions specific to childhood and adolescence
314,Hyperkinetic syndrome of childhood
315,Specific delays in development
316,Psychic factors associated with diseases classified elsewhere
317,Mild mental retardation
318,Other specified mental retardation
319,Unspecified mental retardation
320,Bacterial meningitis
321,Meningitis due to other organisms
322,Meningitis of unspecified cause
323,"Encephalitis, myelitis and encephalomyelitis"
324,Intracranial and intraspinal abscess
325,Phlebitis and thrombophlebitis of intracranial venous sinuses
326,Late effects of intracranial abscess or pyogenic infection
330,Cerebral degenerations usually manifest in childhood
331,Other cerebral degenerations
332,Parkinson's disease
333,Other extrapyramidal disease and abnormal movement disorders
334,Spinocerebellar disease
335,Anterior horn cell disease
336,Other diseases of spinal cord
337,Disorders of the autonomic nervous system
340,Multiple sclerosis
341,Other demyelinating diseases of central nervous system
342,Hemiplegia
343,Infantile cerebral palsy
344,Other paralytic syndromes
345,Epilepsy
346,Migraine
347,Cataplexy and narcolepsy
348,Other conditions of brain
349,Other and unspecified disorders of the nervous system
350,Trigeminal nerve disorders
351,Facial nerve disorders
352,Disorders of other cranial nerves
353,Nerve root and plexus disorders
354,Mononeuritis of upper limb and mononeuritis multiplex
355,Mononeuritis of lower limb
356,Hereditary and idiopathic peripheral neuropathy
357,Inflammatory and toxic neuropathy
358,Myoneural disorders
359,Muscular dystrophies and other myopathies
360,Disorders of the globe
361,Retinal detachments and defects
362,Other retinal disorders
363,Chorioretinal inflammations and scars and other disorders of choroid
364,Disorders of iris and ciliary body
365,Glaucoma
366,Cataract
367,Disorders of refraction and accommodation
368,Visual disturbances
369,Blindness and low vision
370,Keratitis
371,Corneal opacity and other disorders of cornea
372,Disorders of conjunctiva
373,Inflammation of eyelids
374,Other disorders of eyelids
375,Disorders of lachrymal system
376,Disorders of the orbit
377,Disorders of optic nerve and visual pathways
378,Strabismus and other disorders of binocular eye movements
379,Other disorders of eye
380,Disorders of external ear
381,Nonsuppurative otitis media and Eustachian tube disorders
382,Suppurative and unspecified otitis media
383,Mastoiditis and related conditions
384,Other disorders of tympanic membrane
385,Other disorders of middle ear and mastoid
386,Vertiginous syndromes and other disorders of vestibular system
387,Otosclerosis
388,Other disorders of ear
389,Deafness
390,Rheumatic fever without mention of heart involvement
391,Rheumatic fever with heart involvement
392,Rheumatic chorea
393,Chronic rheumatic pericarditis
394,Diseases of mitral valve
395,Diseases of aortic valve
396,Diseases of mitral and aortic valves
397,Diseases of other endocardial structures
398,Other rheumatic heart disease
401,Essential hypertension
402,Hypertensive heart disease
403,Hypertensive renal disease
404,Hypertensive heart and renal disease
405,Secondary hypertension
410,Acute myocardial infarction
411,Other acute and subacute forms of ischaemic heart disease
412,Old myocardial infarction
413,Angina pectoris
414,Other forms of chronic ischaemic heart disease
415,Acute pulmonary heart disease
416,Chronic pulmonary heart disease
417,Other diseases of pulmonary circulation
420,Acute pericarditis
421,Acute and subacute endocarditis
422,Acute myocarditis
423,Other diseases of pericardium
424,Other diseases of endocardium
425,Cardiomyopathy
426,Conduction disorders
427,Cardiac dysrhythmias
428,Heart failure
429,Ill-defined descriptions and complications of heart disease
430,Subarachnoid haemorrhage
431,Intracerebral haemorrhage
432,Other and unspecified intracranial haemorrhage
433,Occlusion and stenosis of precerebral arteries
434,Occlusion of cerebral arteries
435,Transient cerebral ischaemia
436,Acute but ill-defined cerebrovascular disease
437,Other and ill-defined cerebrovascular disease
438,Late effects of cerebrovascular disease
440,Atherosclerosis
441,Aortic aneurysm
442,Other aneurysm
443,Other peripheral vascular disease
444,Arterial embolism and thrombosis
446,Polyarteritis nodosa and allied conditions
447,Other disorders of arteries and arterioles
448,Diseases of capillaries
451,Phlebitis and thrombophlebitis
452,Portal vein thrombosis
453,Other venous embolism and thrombosis
454,Varicose veins of lower extremities
455,Haemorrhoids
456,Varicose veins of other sites
457,Non-infective disorders of lymphatic channels
458,Hypotension
459,Other disorders of circulatory system
460,Acute nasopharyngitis [common cold]
461,Acute sinusitis
462,Acute pharyngitis
463,Acute tonsillitis
464,Acute laryngitis and tracheitis
465,Acute upper respiratory infections of multiple or unspecified sites
466,Acute bronchitis and bronchiolitis
470,Deflected nasal septum
471,Nasal polyps
472,Chronic pharyngitis and nasopharyngitis
473,Chronic sinusitis
474,Chronic disease of tonsils and adenoids
475,Peritonsillar abscess
476,Chronic laryngitis and laryngotracheitis
477,Allergic rhinitis
478,Other diseases of upper respiratory tract
480,Viral pneumonia
481,Pneumococcal pneumonia
482,Other bacterial pneumonia
483,Pneumonia due to other specified organism
484,Pneumonia in infectious diseases classified elsewhere
485,"Bronchopneumonia, organism unspecified"
486,"Pneumonia, organism unspecified"
487,Influenza
490,"Bronchitis, not specified as acute or chronic"
491,Chronic bronchitis
492,Emphysema
493,Asthma
494,Bronchiectasis
495,Extrinsic allergic alveolitis
496,"Chronic airways obstruction, not elsewhere classified"
500,Coalworkers' pneumoconiosis
501,Asbestosis
502,Pneumoconiosis due to other silica or silicates
503,Pneumoconiosis due to other inorganic dust
504,Pneumopathy due to inhalation of other dust
505,"Pneumoconiosis, unspecified"
506,Respiratory conditions due to chemical fumes and vapours
507,Pneumonitis due to solids and liquids
508,Respiratory conditions due to other and unspecified external agents
510,Empyema
511,Pleurisy
512,Pneumothorax
513,Abscess of lung and mediastinum
514,Pulmonary congestion and hypostasis
515,Postinflammatory pulmonary fibrosis
516,Other alveolar and parietoalveolar pneumopathy
517,Lung involvement in conditions classified elsewhere
518,Other diseases of lung
519,Other diseases of respiratory system
520,Disorders of tooth development and eruption
521,Diseases of hard tissues of teeth
522,Diseases of pulp and periapical tissues
523,Gingival and periodontal diseases
524,"Dentofacial anomalies, including malocclusion"
525,Other diseases and conditions of the teeth and supporting structures
526,Diseases of the jaws
527,Diseases of the salivary glands
528,"Diseases of the oral soft tissues, excluding lesions specific for gingiva and tongue"
529,Diseases and other conditions of the tongue
530,Diseases of oesophagus
531,Gastric ulcer
532,Duodenal ulcer
533,"Peptic ulcer, site unspecified"
534,Gastrojejunal ulcer
535,Gastritis and duodenitis
536,Disorders of function of stomach
537,Other disorders of stomach and duodenum
540,Acute appendicitis
541,"Appendicitis, unqualified"
542,Other appendicitis
543,Other diseases of appendix
550,Inguinal hernia
551,"Other hernia of abdominal cavity, with gangrene"
552,"Other hernia of abdominal cavity with obstruction, without mention of gangrene"
553,Other hernia of abdominal cavity without mention of obstruction or gangrene
555,Regional enteritis
556,Idiopathic proctocolitis
557,Vascular insufficiency of intestine
558,Other non-infective gastro-enteritis and colitis
560,Intestinal obstruction without mention of hernia
562,Diverticula of intestine
564,"Functional digestive disorders, not elsewhere classified"
565,Anal fissure and fistula
566,Abscess of anal and rectal regions
567,Peritonitis
568,Other disorders of peritoneum
569,Other disorders of intestine
570,Acute and subacute necrosis of liver
571,Chronic liver disease and cirrhosis
572,Liver abscess and sequelae of chronic liver disease
573,Other disorders of liver
574,Cholelithiasis
575,Other disorders of gallbladder
576,Other disorders of biliary tract
577,Diseases of pancreas
578,Gastro-intestinal haemorrhage
579,Intestinal malabsorption
580,Acute glomerulonephritis
581,Nephrotic syndrome
582,Chronic glomerulonephritis
583,"Nephritis and nephropathy, not specified as acute or chronic"
584,Acute renal failure
585,Chronic renal failure
586,"Renal failure, unspecified"
587,"Renal sclerosis, unspecified"
588,Disorders resulting from impaired renal function
589,Small kidney of unknown cause
590,Infections of kidney
591,Hydronephrosis
592,Calculus of kidney and ureter
593,Other disorders of kidney and ureter
594,Calculus of lower urinary tract
595,Cystitis
596,Other disorders of bladder
597,"Urethritis, not sexually transmitted, and urethral syndrome"
598,Urethral stricture
599,Other disorders of urethra and urinary tract
600,Hyperplasia of prostate
601,Inflammatory diseases of prostate
602,Other disorders of prostate
603,Hydrocele
604,Orchitis and epididymitis
605,Redundant prepuce and phimosis
606,"Infertility, male"
607,Disorders of penis
608,Other disorders of male genital organs
610,Benign mammary dysplasias
611,Other disorders of breast
614,"Inflammatory disease of ovary, Fallopian tube, pelvic cellular tissue and peritoneum"
615,"Inflammatory diseases of uterus, except cervix"
616,"Inflammatory disease of cervix, vagina and vulva"
617,Endometriosis
618,Genital prolapse
619,Fistulae involving female genital tract
620,"Noninflammatory disorders of ovary, Fallopian tube and broad ligament"
621,"Disorders of uterus, not elsewhere classified"
622,Noninflammatory disorders of cervix
623,Noninflammatory disorders of vagina
624,Noninflammatory disorders of vulva and perineum
625,Pain and other symptoms associated with female genital organs
626,Disorders of menstruation and other abnormal bleeding from female genital tract
627,Menopausal and postmenopausal disorders
628,"Infertility, female"
629,Other disorders of female genital organs
630,Hydatidiform mole
631,Other abnormal product of conception
632,Missed abortion
633,Ectopic pregnancy
634,Spontaneous abortion
635,Legally induced abortion
636,Illegally induced abortion
637,Unspecified abortion
638,Failed attempted abortion
639,Complications following abortion and ectopic and molar pregnancies
640,Haemorrhage in early pregnancy
641,"Antepartum haemorrhage, abruptio placentae and placenta praevia"
642,"Hypertension complicating pregnancy, childbirth and the puerperium"
643,Excessive vomiting in pregnancy
644,Early or threatened labour
645,Prolonged pregnancy
646,"Other complications of pregnancy, not elsewhere classified"
647,"Infective and parasitic conditions in the mother classifiable elsewhere but complicating pregnancy, childbirth and the puerperium"
648,"Other current conditions in the mother classifiable elsewhere but complicating pregnancy, childbirth and the puerperium"
650,Delivery in a completely normal case
651,Multiple gestation
652,Malposition and malpresentation of foetus
653,Disproportion
654,Abnormality of organs and soft tissues of pelvis
655,Known or suspected foetal abnormality affecting management of mother
656,Other foetal and placental problems affecting management of mother
657,Polyhydramnios
658,Other problems associated with amniotic cavity and membranes
659,Other indications for care or intervention related to labour and delivery and not elsewhere classified
660,Obstructed labour
661,Abnormality of forces of labour
662,Long labour
663,Umbilical cord complications
664,Trauma to perineum and vulva during delivery
665,Other obstetrical trauma
666,Postpartum haemorrhage
667,"Retained placenta or membranes, without haemorrhage"
668,Complications of the administration of anaesthetic or other sedation in labour and delivery
669,"Other complications of labour and delivery, not elsewhere classified"
670,Major puerperal infection
671,Venous complications in pregnancy and the puerperium
672,Pyrexia of unknown origin during the puerperium
673,Obstetrical pulmonary embolism
674,"Other and unspecified complications of the puerperium, not elsewhere classified"
675,Infections of the breast and nipple associated with childbirth
676,"Other disorders of the breast associated with childbirth, and disorders of lactation"
677,"Late effect of complication of pregnancy, childbirth and the puerperium"
680,Carbuncle and furuncle
681,Cellulitis and abscess of finger and toe
682,Other cellulitis and abscess
683,Acute lymphadenitis
684,Impetigo
685,Pilonidal cyst
686,Other local infections of skin and subcutaneous tissue
690,Erythematosquamous dermatosis
691,Atopic dermatitis and related conditions
692,Contact dermatitis and other eczema
693,Dermatitis due to substances taken internally
694,Bullous dermatoses
695,Erythematous conditions
696,Psoriasis and similar disorders
697,Lichen
698,Pruritus and related conditions
700,Corns and callosities
701,Other hypertrophic and atrophic conditions of skin
702,Other dermatoses
703,Diseases of nail
704,Diseases of hair and hair follicles
705,Disorders of sweat glands
706,Diseases of sebaceous glands
707,Chronic ulcer of skin
708,Urticaria
709,Other disorders of skin and subcutaneous tissue
710,Diffuse diseases of connective tissue
711,Arthropathy associated with infections
712,Crystal arthropathies
713,Arthropathy associated with other disorders classified elsewhere
714,Rheumatoid arthritis and other inflammatory polyarthropathies
715,Osteo-arthrosis and allied disorders
716,Other and unspecified arthropathies
717,Internal derangement of knee
718,Other derangement of joint
719,Other and unspecified disorder of joint
720,Ankylosing spondylitis and other inflammatory spondylopathies
721,Spondylosis and allied disorders
722,Intervertebral disk disorders
723,Other disorders of cervical region
724,Other and unspecified disorders of back
725,Polymyalgia rheumatica
726,Peripheral enthesopathies and allied syndromes
727,"Other disorders of synovium, tendon and bursa"
728,"Disorders of muscle, ligament and fascia"
729,Other disorders of soft tissues
730,"Osteomyelitis, periostitis and other infections involving bone"
731,Osteitis deformans and osteopathies associated with other disorders classified elsewhere
732,Osteochondropathies
733,Other disorders of bone and cartilage
734,Flat foot
735,Acquired deformities of toe
736,Other acquired deformities of limbs
737,Curvature of spine
738,Other acquired deformity
739,"Nonallopathic lesions, not elsewhere classified"
740,Anencephalus and similar anomalies
741,Spina bifida
742,Other congenital anomalies of nervous system
743,Congenital anomalies of eye
744,"Congenital anomalies of ear, face and neck"
745,Bulbus cordis anomalies and anomalies of cardiac septal closure
746,Other congenital anomalies of heart
747,Other congenital anomalies of circulatory system
748,Congenital anomalies of respiratory system
749,Cleft palate and cleft lip
750,Other congenital anomalies of upper alimentary tract
751,Other congenital anomalies of digestive system
752,Congenital anomalies of genital organs
753,Congenital anomalies of urinary system
754,Certain congenital musculoskeletal deformities
755,Other congenital anomalies of limbs
756,Other congenital musculoskeletal anomalies
757,Congenital anomalies of the integument
758,Chromosomal anomalies
759,Other and unspecified congenital anomalies
760,Foetus or newborn affected by maternal conditions which may be unrelated to present pregnancy
761,Foetus or newborn affected by maternal complications of pregnancy
762,"Foetus or newborn affected by complications of placenta, cord and membranes"
763,Foetus or newborn affected by other complications of labour and delivery
764,Slow foetal growth and foetal malnutrition
765,Disorders relating to short gestation and unspecified low birthweight
766,Disorders relating to long gestation and high birthweight
767,Birth trauma
768,Intra-uterine hypoxia and birth asphyxia
769,Respiratory distress syndrome
770,Other respiratory conditions of foetus and newborn
771,Infections specific to the perinatal period
772,Foetal and neonatal haemorrhage
773,"Haemolytic disease of foetus or newborn, due to isoimmunisation"
774,Other perinatal jaundice
775,Endocrine and metabolic disturbances specific to the foetus and newborn
776,Haematological disorders of foetus and newborn
777,Perinatal disorders of digestive system
778,Conditions involving the integument and temperature regulation of foetus and newborn
779,Other and ill-defined conditions originating in the perinatal period
780,General symptoms
781,Symptoms involving nervous and musculoskeletal systems
782,Symptoms involving skin and other integumentary tissue
783,"Symptoms concerning nutrition, metabolism and development"
784,Symptoms involving head and neck
785,Symptoms involving cardiovascular system
786,Symptoms involving respiratory system and other chest symptoms
787,Symptoms involving digestive system
788,Symptoms involving urinary system
789,Other symptoms involving abdomen and pelvis
790,Nonspecific findings on examination of blood
791,Nonspecific findings on examination of urine
792,Nonspecific abnormal findings in other body substances
793,Nonspecific abnormal findings on radiological and other examination of body structure
794,Nonspecific abnormal results of function studies
795,Nonspecific abnormal histological and immunological findings
796,Other nonspecific abnormal findings
797,Senility without mention of psychosis
798,"Sudden death, cause unknown"
799,Other ill-defined and unknown causes of morbidity and mortality
800,Fracture of vault of skull
801,Fracture of base of skull
802,Fracture of face bones
803,Other and unqualified skull fractures
804,Multiple fractures involving skull or face with other bones
805,Fracture of vertebral column without mention of spinal cord lesion
806,Fracture of vertebral column with spinal cord lesion
807,"Fracture of rib(s), sternum, larynx and trachea"
808,Fracture of pelvis
809,Ill-defined fractures of trunk
810,Fracture of clavicle
811,Fracture of scapula
812,Fracture of humerus
813,Fracture of radius and ulna
814,Fracture of carpal bone(s)
815,Fracture of metacarpal bone(s)
816,Fracture of one or more phalanges of hand
817,Multiple fractures of hand bones
818,Ill-defined fractures of upper limb
819,Multiple fractures involving both upper limbs and upper limb with rib(s) and sternum
820,Fracture of neck of femur
821,Fracture of other and unspecified parts of femur
822,Fracture of patella
823,Fracture of tibia and fibula
824,Fracture of ankle
825,Fracture of one or more tarsal and metatarsal bones
826,Fracture of one or more phalanges of foot
827,"Other, multiple and ill-defined fractures of lower limb"
828,"Multiple fractures involving both lower limbs, lower with upper limb and lower limb(s) with rib(s) and sternum"
829,Fracture of unspecified bones
830,Dislocation of jaw
831,Dislocation of shoulder
832,Dislocation of elbow
833,Dislocation of wrist
834,Dislocation of finger
835,Dislocation of hip
836,Dislocation of knee
837,Dislocation of ankle
838,Dislocation of foot
839,"Other, multiple and ill-defined dislocations"
840,Sprains and strains of shoulder and upper arm
841,Sprains and strains of elbow and forearm
842,Sprains and strains of wrist and hand
843,Sprains and strains of hip and thigh
844,Sprains and strains of knee and leg
845,Sprains and strains of ankle and foot
846,Sprains and strains of sacro-iliac region
847,Sprains and strains of other and unspecified parts of back
848,Other and ill-defined sprains and strains
850,Concussion
851,Cerebral laceration and contusion
852,"Subarachnoid, subdural and extradural haemorrhage, following injury"
853,Other and unspecified intracranial haemorrhage following injury
854,Intracranial injury of other and unspecified nature
860,Traumatic pneumothorax and haemothorax
861,Injury to heart and lung
862,Injury to other and unspecified intrathoracic organs
863,Injury to gastro-intestinal tract
864,Injury to liver
865,Injury to spleen
866,Injury to kidney
867,Injury to pelvic organs
868,Injury to other intra-abdominal organs
869,Internal injury to unspecified or ill-defined organs
870,Open wound of ocular adnexa
871,Open wound of eyeball
872,Open wound of ear
873,Other open wound of head
874,Open wound of neck
875,Open wound of chest (wall)
876,Open wound of back
877,Open wound of buttock
878,"Open wound of genital organs (external), including traumatic amputation"
879,"Open wound of other and unspecified sites, except limbs"
880,Open wound of shoulder and upper arm
881,"Open wound of elbow, forearm and wrist"
882,Open wound of hand except finger(s) alone
883,Open wound of finger(s)
884,Multiple and unspecified open wound of upper limb
885,Traumatic amputation of thumb (complete) (partial)
886,Traumatic amputation of other finger(s) (complete) (partial)
887,Traumatic amputation of arm and hand (complete) (partial)
890,Open wound of hip and thigh
891,"Open wound of knee, leg [except thigh] and ankle"
892,Open wound of foot except toe(s) alone
893,Open wound of toe(s)
894,Multiple and unspecified open wound of lower limb
895,Traumatic amputation of toe(s) (complete) (partial)
896,Traumatic amputation of foot (complete) (partial)
897,Traumatic amputation of leg(s) (complete) (partial)
900,Injury to blood vessels of head and neck
901,Injury to blood vessels of thorax
902,Injury to blood vessels of abdomen and pelvis
903,Injury to blood vessels of upper extremity
904,Injury to blood vessels of lower extremity and unspecified sites
905,Late effects of musculoskeletal and connective tissue injuries
906,Late effects of injuries to skin and subcutaneous tissues
907,Late effects of injuries to the nervous system
908,Late effects of other and unspecified injuries
909,Late effects of other and unspecified external causes
910,"Superficial injury of face, neck and scalp except eye"
911,Superficial injury of trunk
912,Superficial injury of shoulder and upper arm
913,"Superficial injury of elbow, forearm and wrist"
914,Superficial injury of hand(s) except finger(s) alone
915,Superficial injury of finger(s)
916,"Superficial injury of hip, thigh, leg and ankle"
917,Superficial injury of foot and toe(s)
918,Superficial injury of eye and adnexa
919,"Superficial injury of other, multiple and unspecified sites"
920,"Contusion of face, scalp and neck except eye(s)"
921,Contusion of eye and adnexa
922,Contusion of trunk
923,Contusion of upper limb
924,Contusion of lower limb and of other and unspecified sites
925,"Crushing injury of face, scalp and neck"
926,Crushing injury of trunk
927,Crushing injury of upper limb
928,Crushing injury of lower limb
929,Crushing injury of multiple and unspecified sites
930,Foreign body on external eye
931,Foreign body in ear
932,Foreign body in nose
933,Foreign body in pharynx and larynx
934,"Foreign body in trachea, bronchus and lung"
935,"Foreign body in mouth, oesophagus and stomach"
936,Foreign body in intestine and colon
937,Foreign body in anus and rectum
938,"Foreign body in digestive system, unspecified"
939,Foreign body in genito-urinary tract
940,Burn confined to eye and adnexa
941,"Burn of face, head and neck"
942,Burn of trunk
943,"Burn of upper limb, except wrist and hand"
944,Burn of wrist(s) and hand(s)
945,Burn of lower limb(s)
946,Burns of multiple specified sites
947,Burn of internal organs
948,Burns classified according to extent of body surface involved
949,"Burn, unspecified"
950,Injury to optic nerve and pathways
951,Injury to other cranial nerve(s)
952,Spinal cord lesion without evidence of spinal bone injury
953,Injury to nerve roots and spinal plexus
954,Injury to other nerve(s) of trunk excluding shoulder and pelvic girdles
955,Injury to peripheral nerve(s) of shoulder girdle and upper limb
956,Injury to peripheral nerve(s) of pelvic girdle and lower limb
957,Injury to other and unspecified nerves
958,Certain early complications of trauma
959,"Injury, other and unspecified"
960,Poisoning by antibiotics
961,Poisoning by other anti-infectives
962,Poisoning by hormones and synthetic substitutes
963,Poisoning by primarily systemic agents
964,Poisoning by agents primarily affecting blood constituents
965,"Poisoning by analgesics, antipyretics and antirheumatics"
966,Poisoning by anticonvulsants and anti-Parkinsonism drugs
967,Poisoning by sedatives and hypnotics
968,Poisoning by other central nervous system depressants and anaesthetics
969,Poisoning by psychotropic agents
970,Poisoning by central nervous system stimulants
971,Poisoning by drugs primarily affecting the autonomic nervous system
972,Poisoning by agents primarily affecting the cardiovascular system
973,Poisoning by agents primarily affecting the gastro-intestinal system
974,"Poisoning by water, mineral and uric acid metabolism drugs"
975,Poisoning by agents primarily acting on the smooth and skeletal muscles and respiratory system
976,"Poisoning by agents primarily affecting skin and mucous membrane, ophthalmological, otorhinolaryngological and dental drugs"
977,Poisoning by other and unspecified drugs and medicaments
978,Poisoning by bacterial vaccines
979,Poisoning by other vaccines and biological substances
980,Toxic effect of alcohol
981,Toxic effect of petroleum products
982,Toxic effect of solvents other than petroleum-based
983,"Toxic effect of corrosive aromatics, acids and caustic alkalis"
984,Toxic effect of lead and its compounds (including fumes)
985,Toxic effect of other metals
986,Toxic effect of carbon monoxide
987,"Toxic effect of other gases, fumes or vapours"
988,Toxic effect of noxious substances eaten as food
989,"Toxic effect of other substances, chiefly nonmedicinal as to source"
990,"Effects of radiation, unspecified"
991,Effects of reduced temperature
992,Effects of heat and light
993,Effects of air pressure
994,Effects of other external causes
995,Certain adverse effects not elsewhere classified
996,Complications peculiar to certain specified procedures
997,"Complications affecting specified body systems, not elsewhere classified"
998,"Other complications of procedures, not elsewhere classified"
999,"Complications of medical care, not elsewhere classified"
E800,Railway accident involving collision with rolling stock
E801,Railway accident involving collision with other object
E802,Railway accident involving derailment without antecedent collision
E803,"Railway accident involving explosion, fire or burning"
E804,"Fall in, on or from railway train"
E805,Hit by rolling stock
E806,Other specified railway accident
E807,Railway accident of unspecified nature
E810,Motor vehicle traffic accident involving collision with train
E811,Motor vehicle traffic accident involving re-entrant collision with another motor vehicle
E812,Other motor vehicle traffic accident involving collision with another motor vehicle
E813,Motor vehicle traffic accident involving collision with other vehicle
E814,Motor vehicle traffic accident involving collision with pedestrian
E815,Other motor vehicle traffic accident involving collision on the highway
E816,"Motor vehicle traffic accident due to loss of control, without collision on the highway"
E817,Noncollision motor vehicle traffic accident while boarding or alighting
E818,Other noncollision motor vehicle traffic accident
E819,Motor vehicle traffic accident of unspecified nature
E820,Nontraffic accident involving motor-driven snow vehicle
E821,Nontraffic accident involving other off-road motor vehicle
E822,Other motor vehicle nontraffic accident involving collision with moving object
E823,Other motor vehicle nontraffic accident involving collision with stationary object
E824,Other motor vehicle nontraffic accident while boarding and alighting
E825,Other motor vehicle nontraffic accident of other and unspecified nature
E826,Pedal cycle accident
E827,Animal-drawn vehicle accident
E828,Accident involving animal being ridden
E829,Other road vehicle accidents
E830,Accident to watercraft causing submersion
E831,Accident to watercraft causing other injury
E832,Other accidental submersion or drowning in water transport accident
E833,Fall on stairs or ladders in water transport
E834,Other fall from one level to another in water transport
E835,Other and unspecified fall in water transport
E836,Machinery accident in water transport
E837,"Explosion, fire or burning in watercraft"
E838,Other and unspecified water transport accident
E840,Accident to powered aircraft at takeoff or landing
E841,"Accident to powered aircraft, other and unspecified"
E842,Accident to unpowered aircraft
E843,"Fall in, on or from aircraft"
E844,Other specified air transport accidents
E845,Accident involving spacecraft
E846,Accidents involving powered vehicles used solely within the buildings and premises of an industrial or commercial establishment
E847,Accidents involving cable cars not running on rails
E848,Accidents involving other vehicles not elsewhere classifiable
E849,Place of occurrence
E850,"Accidental poisoning by analgesics, antipyretics, antirheumatics"
E851,Accidental poisoning by barbiturates
E852,Accidental poisoning by other sedatives and hypnotics
E853,Accidental poisoning by tranquillisers
E854,Accidental poisoning by other psychotropic agents
E855,Accidental poisoning by other drugs acting on central and autonomic nervous systems
E856,Accidental poisoning by antibiotics
E857,Accidental poisoning by anti-infectives
E858,Accidental poisoning by other drugs
E860,"Accidental poisoning by alcohol, not elsewhere classified"
E861,"Accidental poisoning by cleansing and polishing agents, disinfectants, paints and varnishes"
E862,"Accidental poisoning by petroleum products, other solvents and their vapours, not elsewhere classified"
E863,Accidental poisoning by agricultural and horticultural chemical and pharmaceutical preparations other than plant foods and fertilisers
E864,"Accidental poisoning by corrosives and caustics, not elsewhere classified"
E865,Accidental poisoning from foodstuffs and poisonous plants
E866,Accidental poisoning by other and unspecified solid and liquid substances
E867,Accidental poisoning by gas distributed by pipeline
E868,Accidental poisoning by other utility gas and other carbon monoxide
E869,Accidental poisoning by other gases and vapours
E870,"Accidental cut, puncture, perforation or haemorrhage during medical care"
E871,Foreign object left in body during procedure
E872,Failure of sterile precautions during procedure
E873,Failure in dosage
E874,Mechanical failure of instrument or apparatus during procedure
E875,"Contaminated or infected blood, other fluid, drug or biological substance"
E876,Other and unspecified misadventures during medical care
E878,"Surgical operation and other surgical procedures as the cause of abnormal reaction of patient, or of later complication, without mention of misadventure at the time of operation"
E879,"Other procedures, without mention of misadventure at the time of procedure, as the cause of abnormal reaction of patient, or of later complication"
E880,Fall on or from stairs or steps
E881,Fall on or from ladders or scaffolding
E882,Fall from or out of building or other structure
E883,Fall into hole or other opening in surface
E884,Other fall from one level to another
E885,"Fall on same level from slipping, tripping or stumbling"
E886,"Fall on same level from collision, pushing or shoving, by or with other person"
E887,"Fracture, cause unspecified"
E888,Other and unspecified fall
E890,Conflagration in private dwelling
E891,Conflagration in other and unspecified building or structure
E892,Conflagration not in building or structure
E893,Accident caused by ignition of clothing
E894,Ignition of highly inflammable material
E895,Accident caused by controlled fire in private dwelling
E896,Accident caused by controlled fire in other and unspecified building or structure
E897,Accident caused by controlled fire not in building or structure
E898,Accident caused by other specified fire and flames
E899,Accident caused by unspecified fire
E900,Excessive heat
E901,Excessive cold
E902,High and low air pressure and changes in air pressure
E903,Travel and motion
E904,"Hunger, thirst, exposure, neglect"
E905,Venomous animals and plants as the cause of poisoning and toxic reactions
E906,Other injury caused by animals
E907,Lightning
E908,Cataclysmic storms and floods resulting from storms
E909,Cataclysmic earth surface movements and eruptions
E910,Accidental drowning and submersion
E911,Inhalation and ingestion of food causing obstruction of respiratory tract or suffocation
E912,Inhalation and ingestion of other object causing obstruction of respiratory tract or suffocation
E913,Accidental mechanical suffocation
E914,Foreign body accidentally entering eye and adnexa
E915,Foreign body accidentally entering other orifice
E916,Struck accidentally by falling object
E917,Striking against or struck accidentally by objects or persons
E918,Caught accidentally in or between objects
E919,Accidents caused by machinery
E920,Accidents caused by cutting and piercing instruments or objects
E921,Accident caused by explosion of pressure vessel
E922,Accident caused by firearm missile
E923,Accident caused by explosive material
E924,"Accident caused by hot substance or object, caustic or corrosive material and steam"
E925,Accident caused by electric current
E926,Exposure to radiation
E927,Overexertion and strenuous movements
E928,Other and unspecified environmental and accidental causes
E929,Late effects of accidental injury
E930,Antibiotics
E931,Other anti-infectives
E932,Hormones and synthetic substitutes
E933,Primarily systemic agents
E934,Agents primarily affecting blood constituents
E935,"Analgesics, antipyretics and antirheumatics"
E936,Anticonvulsants and anti-Parkinsonism drugs
E937,Sedatives and hypnotics
E938,Other central nervous system depressants and anaesthetics
E939,Psychotropic agents
E940,Central nervous system stimulants
E941,Drugs primarily affecting the autonomic nervous system
E942,Agents primarily affecting the cardiovascular system
E943,Agents primarily affecting gastro-intestinal system
E944,"Water, mineral and uric acid metabolism drugs"
E945,Agents primarily acting on the smooth and skeletal muscles and respiratory system
E946,"Agents primarily affecting skin and mucous membrane, ophthalmological, otorhinolaryngological and dental drugs"
E947,Other and unspecified drugs and medicaments
E948,Bacterial vaccines
E949,Other vaccines and biological substances
E950,Suicide and self-inflicted poisoning by solid or liquid substances
E951,Suicide and self-inflicted poisoning by gases in domestic use
E952,Suicide and self-inflicted poisoning by other gases and vapours
E953,"Suicide and self-inflicted injury by hanging, strangulation and suffocation"
E954,Suicide and self-inflicted injury by submersion [drowning]
E955,Suicide and self-inflicted injury by firearms and explosives
E956,Suicide and self-inflicted injury by cutting and piercing instruments
E957,Suicide and self-inflicted injuries by jumping from high place
E958,Suicide and self-inflicted injury by other and unspecified means
E959,Late effects of self-inflicted injury
E960,"Fight, brawl, rape"
E961,"Assault by corrosive or caustic substance, except poisoning"
E962,Assault by poisoning
E963,Assault by hanging and strangulation
E964,Assault by submersion [drowning]
E965,Assault by firearms and explosives
E966,Assault by cutting and piercing instrument
E967,Child battering and other maltreatment
E968,Assault by other and unspecified means
E969,Late effects of injury purposely inflicted by other person
E970,Injury due to legal intervention by firearms
E971,Injury due to legal intervention by explosives
E972,Injury due to legal intervention by gas
E973,Injury due to legal intervention by blunt object
E974,Injury due to legal intervention by cutting and piercing instruments
E975,Injury due to legal intervention by other specified means
E976,Injury due to legal intervention by unspecified means
E977,Late effects of injuries due to legal intervention
E978,Legal execution
E980,"Poisoning by solid or liquid substances, undetermined whether accidentally or purposely inflicted"
E981,"Poisoning by gases in domestic use, undetermined whether accidentally or purposely inflicted"
E982,"Poisoning by other gases, undetermined whether accidentally or purposely inflicted"
E983,"Hanging, strangulation or suffocation, undetermined whether accidentally or purposely inflicted"
E984,"Submersion [drowning], undetermined whether accidentally or purposely inflicted"
E985,"Injury by firearms and explosives, undetermined whether accidentally or purposely inflicted"
E986,"Injury by cutting and piercing instruments, undetermined whether accidentally or purposely inflicted"
E987,"Falling from high place, undetermined whether accidentally or purposely inflicted"
E988,"Injury by other and unspecified means, undetermined whether accidentally or purposely inflicted"
E989,"Late effects of injury, undetermined whether accidentally or purposely inflicted"
E990,Injury due to war operations by fires and conflagrations
E991,Injury due to war operations by bullets and fragments
E992,Injury due to war operations by explosion of marine weapons
E993,Injury due to war operations by other explosion
E994,Injury due to war operations by destruction of aircraft
E995,Injury due to war operations by other and unspecified forms of conventional warfare
E996,Injury due to war operations by nuclear weapons
E997,Injury due to war operations by other forms of unconventional warfare
E998,Injury due to war operations but occurring after cessation of hostilities
E999,Late effects of injury due to war operations
V01,Contact with or exposure to communicable diseases
V02,Carrier or suspected carrier of infectious diseases
V03,Need for prophylactic vaccination and inoculation against bacterial diseases
V04,Need for prophylactic vaccination and inoculation against certain viral diseases
V05,Need for prophylactic vaccination and inoculation against single diseases
V06,Need for prophylactic vaccination and inoculation against combinations of diseases
V07,Need for isolation and other prophylactic measures
V08,Asymptomatic human immunodeficiency virus [HIV] infection status
V09,Infection with drug-resistant microorganisms
V10,Personal history of malignant neoplasm
V11,Personal history of mental disorder
V12,Personal history of certain other diseases
V13,Personal history of other diseases
V14,Personal history of allergy to medicinal agents
V15,Other personal history presenting hazards to health
V16,Family history of malignant neoplasm
V17,Family history of certain chronic disabling diseases
V18,Family history of certain other specific conditions
V19,Family history of other conditions
V20,Health supervision of infant or child
V21,Constitutional states in development
V22,Normal pregnancy
V23,Supervision of high-risk pregnancy
V24,Postpartum care and examination
V25,Contraceptive management
V26,Procreative management
V27,Outcome of delivery
V28,Antenatal screening
V29,Observation and evaluation of newborns for suspected condition not found
V30,Singleton
V31,"Twin, mate live born"
V32,"Twin, mate stillborn"
V33,"Twin, unspecified"
V34,"Other multiple, mates all live born"
V35,"Other multiple, mates all stillborn"
V36,"Other multiple, mates live- and stillborn"
V37,"Other multiple, unspecified"
V39,Unspecified
V40,Mental and behavioural problems
V41,Problems with special senses and other special functions
V42,Organ or tissue replaced by transplant
V43,Organ or tissue replaced by other means
V44,Artificial opening status
V45,Other postsurgical states
V46,Other dependence on machines
V47,Other problems with internal organs
V48,"Problems with head, neck and trunk"
V49,Problems with limbs and other problems
V50,Elective surgery for purposes other than remedying health states
V51,Aftercare involving the use of plastic surgery
V52,Fitting and adjustment of prosthetic device
V53,Fitting and adjustment of other device
V54,Other orthopaedic aftercare
V55,Attention to artificial openings
V56,Aftercare involving intermittent dialysis
V57,Care involving use of rehabilitation procedures
V58,Other and unspecified aftercare
V59,Donors
V60,"Housing, household and economic circumstances"
V61,Other family circumstances
V62,Other psychosocial circumstances
V63,Unavailability of other medical facilities for care
V64,"Persons encountering health services for specific procedures, not carried out"
V65,Other persons seeking consultation without complaint or sickness
V66,Convalescence
V67,Follow-up examination
V68,Encounters for administrative purposes
V69,Problems related to lifestyle
V70,General medical examination
V71,Observation and evaluation for suspected conditions
V72,Special investigations and examinations
V73,Special screening examination for viral and chlamydial diseases
V74,Special screening examination for bacterial and spirochaetal diseases
V75,Special screening examination for other infectious diseases
V76,Special screening for malignant neoplasms
V77,"Special screening for endocrine, nutritional, metabolic and immunity disorders"
V78,Special screening for disorders of blood and blood-forming organs
V79,Special screening for mental disorders and developmental handicaps
V80,"Special screening for neurological, eye and ear diseases"
V81,"Special screening for cardiovascular, respiratory and genito-urinary diseases"
V82,Special screening for other conditions
